Destiny,Benson
Gregory,Sullivan
Albert,Green
Andrew,Martinez
Catherine,Johnson
Brianna,Rodriguez
Heather,Mcpherson
Aaron,Mccarthy
Teresa,Gray MD
Jeffrey,Santiago
Michael,Williams
Jonathan,Mcdonald
Nicole,Guzman
Joyce,Brown
Dean,Smith
Kent,Lawrence
Mathew,Howard
Sheila,Campbell
Donna,Madden
Elizabeth,Long
Angela,Walker
Chase,Small
Danielle,Montgomery
Thomas,Hutchinson
Nathan,Hendrix
Alexandra,Terry
Jennifer,Garcia
Dominique,Horton
Abigail,Anderson
Melissa,Stuart
Mr. Douglas,Lopez
Cassidy,Salazar
Kaitlyn,Davis
Audrey,Watkins
John,Harrison
Stephanie,Sanchez
Bryan,Baker
Jasmine,Chen
William,Douglas
Emily,Newton
Bianca,Roberts
Kevin,Craig
Cody,Alvarado
Jill,Garza
Wendy,Owens
Tracey,Spence
Randy,Graves
Jessica,Newman
Timothy,Woodard
Mrs. Megan,Wilson
Christopher,Ray
Nicholas,Rice
Mr. Timothy,Roberson
Mr. Frank,Hawkins
Hannah,Leach
Megan,Lee
Kimberly,Myers
Ms. Brenda,Sanders
Susan,Lambert
David,Gomez
Courtney,Doyle
Derek,Marks
Tracy,Schwartz
Jackie,Hughes
Michelle,Taylor
April,Stephenson
Alexis,Howell
Patricia,Jones
Anthony,Holt
James,James
Raymond,Reynolds
Sandra,White
Sheri,Edwards
Miss Janice,Stokes
Carmen,Collier
Joseph,Fuentes
Robert,Salas
Katherine,Bell
Stephen,Jenkins
Adam,Lara
Darren,Delgado
Amy,Duke
Deborah,Parker
Amanda,Shannon
Lisa,Gray
Rita,Fitzpatrick
Molly,Olson
Debra,Strickland
Samantha,Hill
Carol,Rivera
Jaime,Martin
Stacy,Perez
Daniel,Holder
Karen,Young
Diane,Moreno
Monica,Merritt
Jason,Carter
Brittany,Cook
Ashley,Thomas
Amber,Austin
Terri,Lamb
Walter,Miller
Mary,Stone
Lindsay,Foster
Renee,Dunn
Melinda,Park
Alyssa,Stewart
Justin,Shepherd
Brian,Lynch
Dawn,Bartlett
Taylor,Vega
Virginia,Shaw
Erika,Robinson
Rachel,Lutz
Sheena,Lewis
Brandon,Potts
Mr. Scott,Rowe
Scott,Riley
Austin,Padilla
Donald,Pham
Rebecca,Hunter
Tonya,Nguyen
Ronald,Bennett
Hayden,Lester
Julie,Stout
Sarah,Lynn
Mr. Eric,Becker
Christine,Huff
Douglas,Hartman
Cassandra,Lawson
Angelica,Velez
Samuel,Moore
Richard,Phillips
Beth,Nelson
Linda,Carlson
Eric,Simmons
Tyler,Rocha
Laurie,Garner
Joshua,Henry
Kenneth,Richardson
Rhonda,Robbins
Terry,Nichols
Bradley,Adams
Matthew,Steele
Adrian,Daniels
Lucas,Morton
Robin,Harris
Andrea,Copeland
Benjamin,Reed
Tara,Brewer
Natalie,Gordon
Charles,Lang
Crystal,Allen
Kathryn,Holland
Janet,Powell
Ethan,Chung
Kim,Sutton
Kathy,Gutierrez
Wyatt,Ortiz
Gabriel,Montes
Jacob,Duarte
Elijah,Oliver
Savannah,Porter
Margaret,Thompson
Kelsey,King
Willie,Escobar
Lori,Norman
Edward,Campos
Arthur,Burton
Frank,Hansen
Alexander,Clark
Jack,Medina
Holly,Combs
Brandi,Duran
Ray,Carr
Lynn,Wang
Cynthia,Mcdowell
Isabella,Macias
Ellen,Rios
Kelly,Franklin
Sean,Herrera
Barbara,Shepard
Paul,Hanson
Kyle,Herring
Michele,Brady
Alicia,Figueroa
Janice,Holmes
Shirley,Dawson
Briana,Ross
Jared,Maynard
Nathaniel,Farley
Ryan,Chan
Tami,Vaughan
Julia,Alexander
Juan,Moss
Judy,Rogers
Joy,Griffin
Mr. David,Kim
Vanessa,Flores
Carly,Forbes
Dana,Mcconnell
Phillip,Wolfe
Ashlee,Harmon
Peggy,Wu
Trevor,Reyes
Dr. David,Cardenas
Larry,Hernandez
Evan,Berg
Mr. Benjamin,Alvarez
Steven,Lloyd
Derrick,Hart
Pamela,Callahan
Lauren,Cox
Joel,Woods
Joann,Mueller
Shannon,Barnett
Mark,Kelly
Vicki,Deleon
Adrienne,Blanchard
Jordan,Carey
Kendra,Chandler
Desiree,Waller
Jesus,Fisher
Melanie,Singh
Maria,Barnes
Edwin,Moyer
Jeanette,Gonzalez
Sara,Moon
Stacey,Chang
Cathy,Walters
Mr. Sergio,Kent
Haley,Morrison
Nichole,Black
Cheyenne,Espinoza
Christina,Mosley
Tristan,Herman
Logan,Casey
Valerie,David
Travis,Salinas
Wayne,Perkins
Jay,Tate
Theresa,Valdez
Nancy,Mitchell
Christian,Glenn
George,Skinner
Dustin,Weaver
Marc,Suarez
Laura,Winters
Brenda,Jackson
Corey,Barry
Denise,Reeves
Charlotte,Yates
Eddie,Boyd
Jamie,Stevens
Johnny,Williamson
Sierra,Wall
Tasha,Curtis
Ana,Bond
Jeff,Russell
Jacqueline,Knapp
Mario,Murray
Tanner,Roach
Victoria,Braun
Kathleen,Wise
Kayla,Castro
Joanna,Marsh
Vickie,Booth
Marisa,Davidson
Suzanne,Blackburn
Tiffany,Chavez
Dr. Ronald,Ware
Calvin,Pope
Kristin,Short
Jenna,Hines
Meredith,Zimmerman
Gary,Hendricks
Miguel,Bonilla
Billy,Peters
Dr. Jessica,Bates
Greg,Cochran
Bailey,Camacho
Jeffery,Evans
Yvonne,Vazquez
Dr. Gina,Dudley
Paula,Mann
Anna,Schmidt
Erin,Hudson
Mitchell,Mccullough
Joan,Collins
Mr. Sean,Wilkerson
Craig,Hall
Gabriella,Chapman
Peter,Oconnor
Isaac,Hicks
Barry,Francis
Curtis,Mason
Julian,French
Erica,Henson
Jose,House
Devon,Berry
Vincent,Juarez
Penny,Leonard
Joe,Lowe
Alice,Shaffer
Ricky,Harrington
Jerry,Fuller
Mr. Robert,Rodgers
Tanya,Graham
Manuel,Scott
Dorothy,Reese
Dennis,Cruz
Henry,Blair
Dr. Nancy,Hoover
Dakota,Tyler
Edgar,Brooks
Allison,Byrd
Olivia,Bowman
Tamara,Kirby
Morgan,Munoz
Mindy,Nielsen
Deanna,Fowler
Emma,Diaz
Mackenzie,Lowery
Chris,Ramsey
Jeanne,Bird
Makayla,Sawyer
Jerome,Greene
Casey,Henderson
Bobby,Fischer
Traci,Mcmillan
Theodore,Rosario
Colin,Holden
Whitney,Robertson
Alec,Mack
Dale,Simpson
Shelby,Kaufman
Jeremiah,Coleman
Patrick,Ritter
Kristen,Moody
Lawrence,Andrews
Caleb,Dominguez
Debbie,Spears
Connor,Ellison
Tabitha,Price
Jocelyn,Solis
Danny,Cooper
Duane,Mendoza
Dr. Anna,Koch
Ruth,Parks
Alan,Page
Candace,Wheeler
Grant,Kerr
Alexandria,Wood
Jean,Molina
Roy,Obrien
Sherry,Hull
Roberto,Webb
Destiny,Bailey
Gregory,Nash
Albert,Colon
Andrew,Silva
Catherine,Farrell
Brianna,Zhang
Heather,Russo
Aaron,Santos
Teresa,Dean
Jeffrey,Singleton
Michael,George
Jonathan,Mclean
Nicole,Whitehead
Joyce,Bishop
Dean,Melendez
Kent,Peterson
Mathew,Ramirez
Sheila,Guerrero
Donna,Prince
Elizabeth,Wright
Angela,Hammond
Chase,Li
Danielle,Harper
Thomas,Randall
Nathan,Patel
Alexandra,Gillespie
Jennifer,Ruiz
Dominique,Meza
Abigail,Mcknight
Melissa,Conley
Mr. Douglas,Olsen
Cassidy,Morales
Kaitlyn,Ayala
Audrey,Beck
John,Ibarra
Stephanie,Mckinney
Bryan,Butler
Jasmine,Shah
William,Armstrong
Emily,Fields
Bianca,Barajas
Kevin,Hamilton
Cody,Ramos
Jill,Duffy
Wendy,Michael
Tracey,Rose
Randy,Hensley
Jessica,Serrano
Timothy,Garrison
Mrs. Megan,Wagner
Christopher,Warren
Nicholas,Neal
Mr. Timothy,Gregory
Mr. Frank,Burns
Hannah,Bridges
Megan,Ingram
Kimberly,Murphy
Ms. Brenda,Mendez
Susan,Pratt
David,Yoder
Courtney,Hale
Derek,Ryan
Tracy,Calderon
Jackie,Nixon
Michelle,Downs
April,Holloway
Alexis,Dixon
Patricia,Burch
Anthony,Meyer
James,Freeman
Raymond,Christensen
Sandra,Villa
Sheri,Barr
Miss Janice,Wallace
Carmen,Ward
Joseph,Jimenez
Robert,Bush
Katherine,Orr
Stephen,Castillo
Adam,Marshall
Darren,Horne
Amy,Romero
Deborah,Buckley
Amanda,Chase
Lisa,Fry
Rita,Ellis
Molly,Rivas
Debra,Baldwin
Samantha,Fox
Carol,Whitaker
Jaime,Beltran
Stacy,Crosby
Daniel,Matthews
Karen,Liu
Diane,Jordan
Monica,Weiss
Jason,Rowland
Brittany,Haynes
Ashley,Drake
Amber,Ferrell
Terri,Coffey
Walter,Bruce
Mary,Crawford
Lindsay,Kemp
Renee,Hopkins
Melinda,Andersen
Alyssa,Morrow
Justin,Odonnell
Brian,Reilly
Dawn,Clayton
Taylor,Lane
Virginia,Aguilar
Erika,Banks
Rachel,Melton
Sheena,Hampton
Brandon,May
Mr. Scott,Malone
Scott,Burgess
Austin,Tucker
Donald,Pace
Rebecca,Wong
Tonya,Carrillo
Ronald,Gardner
Hayden,Weber
Julie,Kennedy
Sarah,Mclaughlin
Mr. Eric,Mcguire
Christine,Parsons
Douglas,Bender
Cassandra,Miles
Angelica,Ochoa
Samuel,Golden
Richard,Gonzales
Beth,Hodges DVM
Linda,Fleming
Eric,Krause DVM
Tyler,Larson
Laurie,Johnston
Joshua,Leon
Kenneth,Torres
Rhonda,Grant
Terry,Palmer
Bradley,Soto
Matthew,Conner
Adrian,Flynn
Lucas,Robles